outer_fold,rmse
1,0.8879007183962805
2,0.5071150387027682
3,1.5503397667478496
4,0.5284012700078958
5,0.563876182889091
